site_no,station_nm,drainage_area_km2,state,site_no,longitude,latitude
1013500,"Fish River near Fort Kent, Maine",2252.696,ME,1013500,-68.58264167,47.23739444
1022500,"Narraguagus River at Cherryfield, Maine",573.6006,ME,1022500,-67.93524167,44.60797222
1030500,"Mattawamkeag River near Mattawamkeag, Maine",3676.172,ME,1030500,-68.30595556,45.500975
1031500,"Piscataquis River near Dover-Foxcroft, Maine",769.0482,ME,1031500,-69.31469722,45.17500833
1047000,"Carrabassett River near North Anson, Maine",909.0972,ME,1047000,-69.95510278,44.8692
1052500,"Diamond River near Wentworth Location, NH",383.8234,NH,1052500,-71.05749444,44.87739444
1054200,"Wild River at Gilead, Maine",180.981,ME,1054200,-70.97964444,44.39044444
1055000,"Swift River near Roxbury, Maine",250.641,ME,1055000,-70.58878333,44.64274722
1057000,"Little Androscoggin River near South Paris, Maine",190.9188,ME,1057000,-70.53968056,44.30399167
1073000,"OYSTER RIVER NEAR DURHAM, NH",31.2984,NH,1073000,-70.96506028,43.14869556
1078000,"SMITH RIVER NEAR BRISTOL, NH",222.4566,NH,1078000,-71.7478569,43.56646306
1117468,"BEAVER RIVER NEAR USQUEPAUG, RI",25.3413,RI,1117468,-71.6281194,41.49260028
1118300,"PENDLETON HILL BROOK NEAR CLARKS FALLS, CT.",10.3644,CT,1118300,-71.8342372,41.47482139
1121000,"MOUNT HOPE RIVER NEAR WARRENVILLE, CT.",70.25372,CT,1121000,-72.1689661,41.84370889
1123000,"LITTLE RIVER NEAR HANOVER, CT.",77.85271,CT,1123000,-72.052298,41.671765
1134500,"MOOSE RIVER AT VICTORY, VT",195.1299,VT,1134500,-71.8373143,44.51172311
1137500,"AMMONOOSUC RIVER AT BETHLEHEM JUNCTION, NH",228.5543,NH,1137500,-71.63036172,44.2686741
1139000,"WELLS RIVER AT WELLS RIVER, VT",246.3333,VT,1139000,-72.06509154,44.15034134
1139800,"EAST ORANGE BRANCH AT EAST ORANGE, VT",22.7997,VT,1139800,-72.33565327,44.09284191
1142500,"AYERS BROOK AT RANDOLPH, VT",82.16668,VT,1142500,-72.65788214,43.93450969
1144000,"WHITE RIVER AT WEST HARTFORD, VT",1790.244,VT,1144000,-72.41814889,43.7142361
1150900,"OTTAUQUECHEE RIVER NEAR WEST BRIDGEWATER, VT",61.1667,VT,1150900,-72.7589899,43.62229069
1162500,"PRIEST BROOK NEAR WINCHENDON, MA",49.70559,MA,1162500,-72.1150812,42.6825859
1169000,"NORTH RIVER AT SHATTUCKVILLE, MA",230.6412,MA,1169000,-72.7250922,42.63841778
1170100,"GREEN RIVER NEAR COLRAIN, MA",106.9924,MA,1170100,-72.6706475,42.70341694
1181000,"WEST BRANCH WESTFIELD RIVER AT HUNTINGTON, MA",243.495,MA,1181000,-72.8956542,42.23731167
1187300,"HUBBARD RIVER NR. WEST HARTLAND, CT.",53.919,MA,1187300,-72.9389911,42.03731639
1195100,"INDIAN RIVER NEAR CLINTON, CT.",14.8383,CT,1195100,-72.53120139,41.3059325
1208990,"SAUGATUCK RIVER NEAR REDDING, CT.",53.77249,CT,1208990,-73.39512028,41.29454
1333000,"GREEN RIVER AT WILLIAMSTOWN, MA",112.1643,MA,1333000,-73.196773,42.70896944
1350000,SCHOHARIE CREEK AT PRATTSVILLE NY,612.5148,NY,1350000,-74.43653726,42.31952821
1350080,MANOR KILL AT WEST CONESVILLE NEAR GILBOA NY,83.8404,NY,1350080,-74.4129244,42.3770259
1350140,MINE KILL NEAR NORTH BLENHEIM NY,43.7598,NY,1350140,-74.47292501,42.42896817
1362200,ESOPUS CREEK AT ALLABEN NY,169.1902,NY,1362200,-74.38014921,42.1170341
1365000,RONDOUT CREEK NEAR LOWES CORNERS NY,99.5688,NY,1365000,-74.48710014,41.86648184
1411300,TUCKAHOE RIVER AT HEAD OF RIVER NJ,79.3179,NJ,1411300,-74.8205556,39.30694444
1413500,EAST BR DELAWARE R AT MARGARETVILLE NY,424.1025,NY,1413500,-74.65348886,42.14481017
1414500,MILL BROOK NEAR DUNRAVEN NY,64.4517,NY,1414500,-74.7304349,42.10619915
1415000,TREMPER KILL NEAR ANDES NY,85.6287,NY,1415000,-74.81849264,42.1200874
1423000,WEST BRANCH DELAWARE RIVER AT WALTON NY,859.6809,NY,1423000,-75.13989107,42.16619633
1434025,BISCUIT BK ABOVE PIGEON BK AT FROST VALLEY NY,9.7002,NY,1434025,-74.50098708,41.99537004
1435000,NEVERSINK RIVER NEAR CLARYVILLE NY,172.458,NY,1435000,-74.58987933,41.89009153
1439500,"Bush Kill at Shoemakers, PA",305.8776,PA,1439500,-75.03767469,41.08815078
1440000,FLAT BROOK NEAR FLATBROOKVILLE NJ,167.7204,NJ,1440000,-74.9522222,41.10666667
1440400,"Brodhead Creek near Analomink, PA",175.2084,PA,1440400,-75.21462514,41.08481482
1451800,"Jordan Creek near Schnecksville, PA",135.8448,PA,1451800,-75.626854,40.66176219
1466500,MCDONALDS BRANCH IN LEBANON STATE FOREST NJ,5.376711,NJ,1466500,-74.50527778,39.885
1484100,"BEAVERDAM BRANCH AT HOUSTON, DE",9.004751,DE,1484100,-75.51275,38.90577778
1485500,"NASSAWANGO CREEK NEAR SNOW HILL, MD",141.5394,MD,1485500,-75.47144444,38.22891667
1486000,"MANOKIN BRANCH NEAR PRINCESS ANNE, MD",11.1807,MD,1486000,-75.67138889,38.21388889
1487000,"NANTICOKE RIVER NEAR BRIDGEVILLE, DE",187.4102,DE,1487000,-75.56186111,38.72833333
1491000,"CHOPTANK RIVER NEAR GREENSBORO, MD",292.0401,MD,1491000,-75.78580556,38.99719444
1510000,OTSELIC RIVER AT CINCINNATUS NY,382.986,NY,1510000,-75.8996425,42.54118127
1516500,"Corey Creek near Mainesburg, PA",31.4838,PA,1516500,-77.01468773,41.79090746
1518862,"Cowanesque River at Westfield, PA",233.9109,PA,1518862,-77.53192977,41.92312576
1532000,"Towanda Creek near Monroeton, PA",553.941,PA,1532000,-76.48466538,41.7070195
1539000,"Fishing Creek near Bloomsburg, PA",701.7795,PA,1539000,-76.43105551,41.07814118
1542810,"Waldy Run near Emporium, PA",13.6242,PA,1542810,-78.29251214,41.57895225
1543000,"Driftwood Br Sinnemahoning Cr at Sterling Run, PA",705.4974,PA,1543000,-78.19695238,41.41339593
1543500,"Sinnemahoning Creek at Sinnemahoning, PA",1778.258,PA,1543500,-78.10305957,41.31728467
1544500,"Kettle Creek at Cross Fork, PA",355.0644,PA,1544500,-77.82582513,41.4758994
1545600,"Young Womans Creek near Renovo, PA",119.9975,PA,1545600,-77.6908191,41.38951168
1547700,"Marsh Creek at Blanchard, PA",113.5386,PA,1547700,-77.60582641,41.05950916
1548500,"Pine Creek at Cedar Run, PA",1557.047,PA,1548500,-77.44747983,41.52173586
1549500,"Blockhouse Creek near English Center, PA",97.4853,PA,1549500,-77.23080907,41.47368336
1550000,"Lycoming Creek near Trout Run, PA",452.6757,PA,1550000,-77.03274598,41.41840957
1552000,"Loyalsock Creek at Loyalsockville, PA",1129.486,PA,1552000,-76.91246379,41.32507836
1552500,"Muncy Creek near Sonestown, PA",60.6384,PA,1552500,-76.53467084,41.35702418
1557500,"Bald Eagle Creek at Tyrone, PA",115.2963,PA,1557500,-78.23362439,40.68367333
1564500,"Aughwick Creek near Three Springs, PA",445.5612,PA,1564500,-77.92527644,40.21258144
1567500,"Bixler Run near Loysville, PA",38.7729,PA,1567500,-77.40220903,40.37091615
1568000,"Sherman Creek at Shermans Dale, PA",534.3948,PA,1568000,-77.16887034,40.32341928
1580000,"DEER CREEK AT ROCKS, MD",244.3698,MD,1580000,-76.40330556,39.62997222
1583500,"WESTERN RUN AT WESTERN RUN, MD",155.8494,MD,1583500,-76.6765,39.51077778
1586610,"MORGAN RUN NEAR LOUISVILLE, MD",72.7047,MD,1586610,-76.95530556,39.45188889
1591400,"CATTAIL CREEK NEAR GLENWOOD, MD",59.094,MD,1591400,-77.05105556,39.25597222
1594950,"MCMILLAN F NEAR FORT PENDLETON, MD",6.1182,MD,1594950,-79.39031,39.27669
1596500,"SAVAGE RIVER NEAR BARTON, MD",124.6505,MD,1596500,-79.10194444,39.57005556
1605500,"SOUTH BRANCH POTOMAC RIVER AT FRANKLIN, WV",463.8492,WV,1605500,-79.33781993,38.63567247
1606500,"SO. BRANCH POTOMAC RIVER NR PETERSBURG, WV",1684.547,WV,1606500,-79.17587059,38.99122107
1613050,"Tonoloway Creek near Needmore, PA",27.8982,PA,1613050,-78.13222904,39.89842119
1620500,"NORTH RIVER NEAR STOKESVILLE, VA",44.74026,VA,1620500,-79.24003625,38.33762566
1632000,"N F SHENANDOAH RIVER AT COOTES STORE, VA",543.357,VA,1632000,-78.852803,38.63706254
1632900,"SMITH CREEK NEAR NEW MARKET, VA",245.0484,VA,1632900,-78.64279353,38.69345016
1634500,"CEDAR CREEK NEAR WINCHESTER, VA",263.9817,VA,1634500,-78.32944861,39.08121763
1638480,"CATOCTIN CREEK AT TAYLORSTOWN, VA",231.9951,VA,1638480,-77.57637775,39.25454651
1639500,"BIG PIPE CREEK AT BRUCEVILLE, MD",267.1785,MD,1639500,-77.23744444,39.61236111
1644000,"GOOSE CREEK NEAR LEESBURG, VA",859.1698,VA,1644000,-77.57749181,39.01955309
1658500,"S F QUANTICO CREEK NEAR INDEPENDENT HILL, VA",19.34224,VA,1658500,-77.4285958,38.5873427
1664000,"RAPPAHANNOCK RIVER AT REMINGTON, VA",1605.101,VA,1664000,-77.81360454,38.53067996
1666500,"ROBINSON RIVER NEAR LOCUST DALE, VA",463.1463,VA,1666500,-78.0955557,38.32513047
1667500,"RAPIDAN RIVER NEAR CULPEPER, VA",1209.747,VA,1667500,-77.97499722,38.35040774
1669000,"PISCATAWAY CREEK NEAR TAPPAHANNOCK, VA",71.84071,VA,1669000,-76.90052102,37.87708193
1669520,"DRAGON SWAMP AT MASCOT, VA",277.3854,VA,1669520,-76.69634683,37.63375293
2011400,"JACKSON RIVER NEAR BACOVA, VA",407.7162,VA,2011400,-79.88144394,38.04234707
2011460,"BACK CREEK NEAR SUNRISE, VA",156.3408,VA,2011460,-79.76866328,38.24540129
2013000,"DUNLAP CREEK NEAR COVINGTON, VA",424.7766,VA,2013000,-80.04700431,37.80290223
2014000,"POTTS CREEK NEAR COVINGTON, VA",396.783,VA,2014000,-80.04228024,37.72901408
2015700,"BULLPASTURE RIVER AT WILLIAMSVILLE, VA",285.4062,VA,2015700,-79.57032338,38.19540308
2016000,"COWPASTURE RIVER NEAR CLIFTON FORGE, VA",1194.551,VA,2016000,-79.75949166,37.79179587
2017500,"JOHNS CREEK AT NEW CASTLE, VA",276.1497,VA,2017500,-80.10671504,37.50623973
2018000,"CRAIG CREEK AT PARR, VA",852.3431,VA,2018000,-79.91143881,37.66596174
2027000,"TYE RIVER NEAR LOVINGSTON, VA",240.7671,VA,2027000,-78.98169097,37.71541868
2027500,"PINEY RIVER AT PINEY RIVER, VA",123.3423,VA,2027500,-79.02752541,37.70236251
2028500,"ROCKFISH RIVER NEAR GREENFIELD, VA",245.4534,VA,2028500,-78.82335431,37.86958499
2038850,"HOLIDAY CREEK NEAR ANDERSONVILLE, VA",22.00359,VA,2038850,-78.63583923,37.41542434
2046000,"STONY CREEK NEAR DINWIDDIE, VA",288.5238,VA,2046000,-77.602489,37.06709421
2051000,"NORTH MEHERRIN RIVER NEAR LUNENBURG, VA",144.8227,VA,2051000,-78.34971815,36.99737383
2051500,"MEHERRIN RIVER NEAR LAWRENCEVILLE, VA",1428.706,VA,2051500,-77.83165822,36.71681395
2053200,"POTECASI CREEK NEAR UNION, NC",583.6599,NC,2053200,-77.02555556,36.37083333
2053800,"S F ROANOKE RIVER NEAR SHAWSVILLE, VA",280.7226,VA,2053800,-80.26643281,37.14013231
2055100,"TINKER CREEK NEAR DALEVILLE, VA",30.5352,VA,2055100,-79.93531928,37.41763318
2056900,"BLACKWATER RIVER NEAR ROCKY MOUNT, VA",298.1079,VA,2056900,-79.8441993,37.0451406
2059500,"GOOSE CREEK NEAR HUDDLESTON, VA",485.4078,VA,2059500,-79.5203076,37.17319951
2064000,"FALLING RIVER NEAR NARUNA, VA",427.7682,VA,2064000,-78.95973745,37.12680956
2065500,"CUB CREEK AT PHENIX, VA",252.5787,VA,2065500,-78.76361777,37.07931121
2069700,"SOUTH MAYO RIVER NEAR NETTLERIDGE, VA",221.1336,VA,2069700,-80.12949277,36.57097103
2070000,"NORTH MAYO RIVER NEAR SPENCER, VA",270.6084,VA,2070000,-79.98726539,36.56819358
2074500,"SANDY RIVER NEAR DANVILLE, VA",288.531,VA,2074500,-79.50419322,36.61958252
2077200,"HYCO CREEK NEAR LEASBURG, NC",121.6944,NC,2077200,-79.19666667,36.39777778
2081500,"TAR RIVER NEAR TAR RIVER, NC",428.3661,NC,2081500,-78.58305556,36.19416667
2082950,"LITTLE FISHING CREEK NEAR WHITE OAK, NC",460.8531,NC,2082950,-77.87611111,36.18333333
2084557,"VAN SWAMP NEAR HOKE, NC",56.13005,NC,2084557,-76.74611111,35.73083333
2092500,"TRENT RIVER NEAR TRENTON, NC",447.5751,NC,2092500,-77.46138889,35.06416667
2102908,"FLAT CREEK NEAR INVERNESS, NC",19.7253,NC,2102908,-79.1775,35.18277778
2108000,"NORTHEAST CAPE FEAR RIVER NEAR CHINQUAPIN, NC",1569.485,NC,2108000,-77.83222222,34.82888889
2110500,"WACCAMAW RIVER NEAR LONGS, SC",2908.315,SC,2110500,-78.71501746,33.9126719
2111180,"ELK CREEK AT ELKVILLE, NC",131.4666,NC,2111180,-81.40305556,36.07138889
2111500,"REDDIES RIVER AT NORTH WILKESBORO, NC",233.6607,NC,2111500,-81.16888889,36.175
2112120,"ROARING RIVER NEAR ROARING RIVER, NC",322.2684,NC,2112120,-81.04444444,36.25027778
2112360,"MITCHELL RIVER NEAR STATE ROAD, NC",205.2963,NC,2112360,-80.80722222,36.31138889
2118500,"HUNTING CREEK NEAR HARMONY, NC",400.527,NC,2118500,-80.74555556,36.00055556
2125000,"BIG BEAR CR NR RICHFIELD, NC",144.5499,NC,2125000,-80.33555556,35.33472222
2128000,"LITTLE RIVER NEAR STAR, NC",273.4758,NC,2128000,-79.83138889,35.38722222
2137727,"CATAWBA R NR PLEASANT GARDENS, NC",329.544,NC,2137727,-82.06027778,35.68583333
2140991,"JOHNS RIVER AT ARNEYS STORE, NC",521.9865,NC,2140991,-81.71194444,35.83361111
2143000,"HENRY FORK NEAR HENRY RIVER, NC",216.6723,NC,2143000,-81.40333333,35.68444444
2143040,"JACOB FORK AT RAMSEY, NC",66.48413,NC,2143040,-81.56703706,35.59068629
2149000,"COVE CREEK NEAR LAKE LURE, NC",203.8527,NC,2149000,-82.11149778,35.42345364
2152100,"FIRST BROAD RIVER NEAR CASAR, NC",154.9944,NC,2152100,-81.68222222,35.49305556
2177000,"CHATTOOGA RIVER NEAR CLAYTON, GA",526.7736,GA,2177000,-83.30599301,34.81398141
2178400,"TALLULAH RIVER NEAR CLAYTON, GA",151.2753,GA,2178400,-83.53044102,34.89037075
2193340,"KETTLE CREEK NEAR WASHINGTON, GA",87.8733,GA,2193340,-82.857923,33.68262815
2196000,"STEVENS CREEK NEAR MODOC, SC",1408.382,SC,2196000,-82.18178732,33.72929717
2198100,"BEAVERDAM CREEK NEAR SARDIS, GA",79.49071,GA,2198100,-81.8153916,32.93765809
2202600,"BLACK CREEK NEAR BLITCHTON, GA",590.472,GA,2202600,-81.48816698,32.16798033
2212600,"FALLING CREEK NEAR JULIETTE, GA",187.9614,GA,2212600,-83.72351041,33.0998535
2215100,"TUCSAWHATCHEE CREEK NEAR HAWKINSVILLE, GA",420.2923,GA,2215100,-83.50166667,32.23944444
2216180,"TURNPIKE CREEK NEAR MCRAE, GA",129.111,GA,2216180,-82.92194444,31.99138889
2221525,"MURDER CREEK BELOW EATONTON, GA",490.7976,GA,2221525,-83.48127624,33.25235506
2231000,"ST. MARYS RIVER NR MACCLENNY, FLA.",1748.368,FL,2231000,-82.08150134,30.35884726
2231342,"FT DRUM CREEK AT SUNSHINE ST PKY NEAR FT DRUM, FL",111.5622,FL,2231342,-80.7961709,27.5686473
2235200,"BLACKWATER CREEK NEAR CASSIA, FL",297.6956,FL,2235200,-81.48938333,28.87453056
2236500,"BIG CREEK NEAR CLERMONT, FL",146.8755,FL,2236500,-81.74007599,28.44778229
2245500,"SOUTH FORK BLACK CREEK NR PENNEY FARMS, FLA.",348.4345,FL,2245500,-81.85204256,29.97940752
2246000,"NORTH FORK BLACK CREEK NR MIDDLEBURG, FLA.",451.0611,FL,2246000,-81.9064915,30.11329532
2296500,CHARLIE CREEK NEAR GARDNER FL,886.3965,FL,2296500,-81.79647082,27.37504297
2297155,HORSE CREEK NEAR MYAKKA HEAD FL,93.6036,FL,2297155,-82.02341972,27.48726132
2297310,HORSE CREEK NEAR ARCADIA FL,528.3765,FL,2297310,-81.98841931,27.19949477
2298123,PRAIRIE CREEK NEAR FORT OGDEN FL,540.6534,FL,2298123,-81.78452667,27.05199986
2298608,MYAKKA RIVER AT MYAKKA CITY FL,312.3423,FL,2298608,-82.15675562,27.34365621
2299950,MANATEE RIVER NEAR MYAKKA HEAD FL,174.2715,FL,2299950,-82.21120106,27.47365137
2300700,BULLFROG CREEK NEAR WIMAUMA FL,73.84104,FL,2300700,-82.35203685,27.79197208
2310947,"WITHLACOOCHEE RIVER NEAR CUMPRESSCO, FLA.",649.5634,FL,2310947,-82.05591468,28.31195156
2312200,"LITTLE WITHLACOOCHEE RIVER AT RERDELL, FLA.",413.4789,FL,2312200,-82.15536307,28.57277286
2314500,"SUWANNEE RIVER AT US 441, AT FARGO, GA",3322.154,GA,2314500,-82.56055556,30.68055556
2315500,"SUWANNEE RIVER AT WHITE SPRINGS, FLA.",6136.255,FL,2315500,-82.73818263,30.32578122
2324000,"STEINHATCHEE RIVER NEAR CROSS CITY, FLA.",791.0239,FL,2324000,-83.32152625,29.78661294
2324400,"FENHOLLOWAY RIVER NEAR FOLEY, FLA.",176.2654,FL,2324400,-83.47181116,30.09827057
2327100,"SOPCHOPPY RIVER NR SOPCHOPPY, FLA.",271.1182,FL,2327100,-84.49434823,30.12936856
2342933,SOUTH FORK COWIKEE CREEK NEAR BATESVILLE AL,290.0952,AL,2342933,-85.29577044,32.01765721
2349900,"TURKEY CREEK AT BYROMVILLE, GA",122.8673,GA,2349900,-83.90222222,32.19555556
2350900,"KINCHAFOONEE CREEK NEAR DAWSON, GA",1365.12,GA,2350900,-84.25333333,31.76444444
2361000,"CHOCTAWHATCHEE RIVER NEAR NEWTON, AL.",1781.611,AL,2361000,-85.61049115,31.34294923
2363000,PEA RIVER NEAR ARITON AL,1292.513,AL,2363000,-85.78299751,31.59488716
2369800,BLACKWATER RIVER NEAR BRADLEY AL,227.5129,AL,2369800,-86.70995668,31.02767985
2371500,CONECUH RIVER AT BRANTLEY AL,1292.785,AL,2371500,-86.25162264,31.57349458
2372250,PATSALIGA CREEK NEAR BRANTLEY AL,1145.223,AL,2372250,-86.40551809,31.59627177
2374500,MURDER CREEK NEAR EVERGREEN AL,445.7151,AL,2374500,-86.9866403,31.41850006
2381600,"FAUSETT CREEK NEAR TALKING ROCK, GA",10.3248,GA,2381600,-84.46881552,34.57036618
2384540,"MILL CREEK NEAR CRANDALL, GA",21.3714,GA,2384540,-84.72132621,34.87202382
2395120,"TWO RUN CREEK NEAR KINGSTON, GA",84.0105,GA,2395120,-84.88972222,34.24277778
2408540,HATCHET CREEK BELOW ROCKFORD AL,682.4097,AL,2408540,-86.27025073,32.91678962
2415000,HILLABEE CREEK NEAR HACKNEYVILLE AL,491.3829,AL,2415000,-85.87912978,33.0667867
2422500,MULBERRY CREEK AT JONES AL,527.5476,AL,2422500,-86.90359911,32.58291031
2430085,"RED BUD CREEK NR MOORES MILL, MS",40.5621,MS,2430085,-88.28361111,34.46666667
2430615,"MUD CREEK NR FAIRVIEW, MS",28.7145,MS,2430615,-88.355,34.3925
2450250,SIPSEY FORK NEAR GRAYSON AL,231.8252,AL,2450250,-87.39890838,34.28537757
2464000,NORTH RIVER NEAR SAMANTHA AL,578.9448,AL,2464000,-87.5972297,33.47928058
2464146,TURKEY CREEK NEAR TUSCALOOSA,15.8229,AL,2464146,-87.5105601,33.41344824
2464360,BINION CREEK BELOW GIN CREEK NEAR SAMANTHA AL,148.6152,AL,2464360,-87.6425091,33.42483704
2465493,ELLIOTTS CREEK AT MOUNDVILLE AL,83.4174,AL,2465493,-87.62222952,32.99734636
2469800,SATILPA CREEK NEAR COFFEEVILLE AL,422.6814,AL,2469800,-88.02250658,31.74432473
2472000,"LEAF RIVER NR COLLINS, MS",1927.134,MS,2472000,-89.40694444,31.70694444
2472500,"BOUIE CREEK NR HATTIESBURG, MS",789.9363,MS,2472500,-89.41472222,31.42583333
2479155,"CYPRESS CREEK NR JANICE, MS",137.2806,MS,2479155,-89.01666667,31.02527778
2479300,"RED CREEK AT VESTRY, MS",1144.201,MS,2479300,-88.78111111,30.73611111
2479560,ESCATAWPA RIVER NEAR AGRICOLA MS,1454.328,MS,2479560,-88.45862738,30.80907749
2481000,"BILOXI RIVER AT WORTHAM, MS",249.2316,MS,2481000,-89.1219444,30.5586111
2481510,"WOLF RIVER NR LANDON, MS",800.6598,MS,2481510,-89.27444444,30.48361111
3010655,"Oswayo Creek at Shinglehouse, PA",254.4417,PA,3010655,-78.19806624,41.96173237
3011800,"Kinzua Creek near Guffey, PA",100.0953,PA,3011800,-78.71863999,41.76645099
3015500,"Brokenstraw Creek at Youngsville, PA",784.8513,PA,3015500,-79.31727083,41.85255871
3021350,"French Creek near Wattsburg, PA",239.6691,PA,3021350,-79.78255074,42.01533201
3026500,"Sevenmile Run near Rasselas, PA",20.3058,PA,3026500,-78.57668985,41.63117349
3028000,"West Branch Clarion River at Wilcox, PA",161.1102,PA,3028000,-78.69224919,41.57533955
3049000,"Buffalo Creek near Freeport, PA",357.1533,PA,3049000,-79.6994935,40.71589833
3049800,"Little Pine Creek near Etna, PA",14.8878,PA,3049800,-79.93810799,40.5203462
3050000,"TYGART VALLEY RIVER NEAR DAILEY, WV",487.287,WV,3050000,-79.8817342,38.809275
3066000,"BLACKWATER R AT DAVIS, WV",222.7851,WV,3066000,-79.46838516,39.12705242
3069500,"CHEAT RIVER NEAR PARSONS, WV",1856.853,WV,3069500,-79.68117409,39.12288353
3070500,"BIG SANDY CREEK AT ROCKVILLE, WV",517.3794,WV,3070500,-79.70477427,39.61563755
3076600,"BEAR CREEK AT FRIENDSVILLE, MD",127.3991,MD,3076600,-79.39411111,39.65613889
3078000,"CASSELMAN RIVER AT GRANTSVILLE, MD",161.4825,MD,3078000,-79.13638889,39.70219444
3140000,Mill Creek near Coshocton OH,70.3458,OH,3140000,-81.86235635,40.36284598
3144000,Wakatomika Creek near Frazeysburg OH,363.4146,OH,3144000,-82.14792013,40.13256823
3159540,Shade River near Chester OH,400.851,OH,3159540,-81.88180237,39.06368935
3161000,"SOUTH FORK NEW RIVER NEAR JEFFERSON, NC",527.8624,NC,3161000,-81.40694444,36.39333333
3164000,"NEW RIVER NEAR GALAX, VA",2952.736,VA,3164000,-80.978969,36.64734972
3165000,"CHESTNUT CREEK AT GALAX, VA",101.9961,VA,3165000,-80.91924444,36.64596133
3170000,"LITTLE RIVER AT GRAYSONTOWN, VA",794.6403,VA,3170000,-80.55672394,37.03762635
3173000,"WALKER CREEK AT BANE, VA",773.3151,VA,3173000,-80.70951247,37.26817845
3180500,"GREENBRIER RIVER AT DURBIN, WV",345.0564,WV,3180500,-79.83311495,38.54372659
3182500,"GREENBRIER RIVER AT BUCKEYE, WV",1364.974,WV,3182500,-80.13062254,38.18595326
3186500,"WILLIAMS RIVER AT DYER, WV",329.6805,WV,3186500,-80.48397372,38.37899915
3187500,"CRANBERRY RIVER NEAR RICHWOOD, WV",207.415,WV,3187500,-80.52647493,38.29539032
3213700,"TUG FORK AT WILLIAMSON, WV",2425.06,KY,3213700,-82.28014077,37.67315699
3237280,Upper Twin Creek at McGaw OH,32.9542,OH,3237280,-83.21573648,38.64368745
3237500,Ohio Brush Creek near West Union OH,1003.208,OH,3237500,-83.42102265,38.80368382
3238500,White Oak Creek near Georgetown OH,568.5038,OH,3238500,-83.92853941,38.85812494
3241500,Massies Creek at Wilberforce OH,170.9145,OH,3241500,-83.88270656,39.72283771
3280700,"CUTSHIN CREEK AT WOOTON, KY",158.2227,KY,3280700,-83.30795645,37.16509314
3281100,"GOOSE CREEK AT MANCHESTER, KY",422.7237,KY,3281100,-83.7601974,37.15203405
3281500,"SOUTH FORK KENTUCKY RIVER AT BOONEVILLE, KY",1838.22,KY,3281500,-83.67519226,37.47981018
3285000,"DIX RIVER NEAR DANVILLE, KY",822.3408,KY,3285000,-84.66077678,37.64202341
3291780,"INDIAN-KENTUCK CREEK NR CANAAN, IND.",71.4105,IN,3291780,-85.25717882,38.8781136
3300400,"BEECH FORK AT MAUD, KY",1128.578,KY,3300400,-85.29606856,37.83283985
3340800,BIG RACCOON CREEK NEAR FINCASTLE IND,357.6537,IN,3340800,-86.95389884,39.81254461
3346000,"NORTH FORK EMBARRAS RIVER NEAR OBLONG, IL",814.6935,IL,3346000,-87.9455882,39.01004218
3357350,"PLUM CREEK NEAR BAINBRIDGE, IND.",7.7535,IN,3357350,-86.72945046,39.76171297
3364500,"CLIFTY CREEK AT HARTSVILLE, IN",237.0879,IN,3364500,-85.70164687,39.27477321
3366500,"MUSCATATUCK RIVER NEAR DEPUTY, IN",755.2151,IN,3366500,-85.67385502,38.80422346
3368000,"BRUSH CREEK NEAR NEBRASKA, IN",29.7216,IN,3368000,-85.48607656,39.07033129
3384450,"LUSK CREEK NEAR EDDYVILLE, IL",111.1266,IL,3384450,-88.54726928,37.4722725
3439000,"FRENCH BROAD RIVER AT ROSMAN, NC",178.6674,NC,3439000,-82.82472222,35.14333333
3450000,"BEETREE CREEK NEAR SWANNANOA, NC",14.0805,NC,3450000,-82.40527778,35.65305556
3455500,"W F PIGEON R ABOVE LAKE LOGAN NR HAZELWOOD, NC",72.9522,NC,3455500,-82.9375,35.39611111
3456500,"EAST FORK PIGEON RIVER NEAR CANTON, NC",133.4268,NC,3456500,-82.86972222,35.46166667
3460000,"CATALOOCHEE CREEK NEAR CATALOOCHEE, NC",127.019,NC,3460000,-83.07361111,35.6675
3463300,"SOUTH TOE RIVER NEAR CELO, NC",112.1589,NC,3463300,-82.18428691,35.83150735
3471500,"S F HOLSTON RIVER AT RIVERSIDE NR CHILHOWIE, VA",198.1611,VA,3471500,-81.63122929,36.76039313
3473000,"S F HOLSTON RIVER NEAR DAMASCUS, VA",784.8126,VA,3473000,-81.84401023,36.65178127
3479000,"WATAUGA RIVER NEAR SUGAR GROVE, NC",235.6011,NC,3479000,-81.82222222,36.23916667
3488000,"N F HOLSTON RIVER NEAR SALTVILLE, VA",578.206,VA,3488000,-81.74622934,36.89678115
3498500,"LITTLE RIVER NEAR MARYVILLE, TN",696.7582,TN,3498500,-83.88460359,35.78562063
3500000,"LITTLE TENNESSEE RIVER NEAR PRENTISS, NC",361.1439,NC,3500000,-83.37972222,35.15
3500240,"CARTOOGECHAYE CREEK NEAR FRANKLIN, NC",145.8639,NC,3500240,-83.39416667,35.15888889
3504000,"NANTAHALA RIVER NEAR RAINBOW SPRINGS, NC",134.5167,NC,3504000,-83.61861111,35.1275
3574500,PAINT ROCK RIVER NEAR WOODVILLE AL,813.8025,AL,3574500,-86.30637373,34.62425473
3592718,"LITTLE YELLOW CREEK EAST NR BURNSVILLE, MS",66.9897,MS,3592718,-88.28805556,34.83555556
3604000,"BUFFALO RIVER NEAR FLAT WOODS, TN",1163.026,TN,3604000,-87.83280366,35.49590598
4015330,"KNIFE RIVER NEAR TWO HARBORS, MN",224.3547,MN,4015330,-91.79240133,46.94688005
4024430,"NEMADJI RIVER NEAR SOUTH SUPERIOR, WI",1091.25,WI,4024430,-92.09408026,46.63327388
4027000,"BAD RIVER NEAR ODANAH, WI",1619.847,WI,4027000,-90.69629696,46.48661442
4040500,"STURGEON RIVER NEAR SIDNAW, MI",419.8266,MI,4040500,-88.57596973,46.58410589
4043050,"TRAP ROCK RIVER NEAR LAKE LINDEN, MI",76.6224,MI,4043050,-88.38539282,47.22853637
4045500,"TAHQUAMENON RIVER NEAR PARADISE, MI",1909.592,MI,4045500,-85.26955476,46.57501478
4056500,"MANISTIQUE RIVER NEAR MANISTIQUE, MI",2945.888,MI,4056500,-86.16124902,46.03052857
4057510,"STURGEON RIVER NEAR NAHMA JUNCTION, MI",473.5728,MI,4057510,-86.70569966,45.94302355
4057800,"MIDDLE BRANCH ESCANABA RIVER AT HUMBOLDT, MI",115.8705,MI,4057800,-87.88652383,46.49910267
4059500,"FORD RIVER NEAR HYDE, MI",1184.366,MI,4059500,-87.2015238,45.75552297
4063700,"POPPLE RIVER NEAR FENCE, WI",362.5712,WI,4063700,-88.4631785,45.7635697
4074950,"WOLF RIVER AT LANGLADE, WI",1205.531,WI,4074950,-88.73343978,45.18997026
4105700,"AUGUSTA CREEK NEAR AUGUSTA, MI",98.0415,MI,4105700,-85.35388936,42.35337341
4115265,"FISH CREEK NEAR CRYSTAL, MI",95.77711,MI,4115265,-84.9811245,43.2497545
4122200,"WHITE RIVER NEAR WHITEHALL, MI",1048.284,MI,4122200,-86.23256675,43.46417856
4122500,"PERE MARQUETTE RIVER AT SCOTTVILLE, MI",1769.188,MI,4122500,-86.2786896,43.94500632
4124000,"MANISTEE RIVER NEAR SHERMAN, MI",2243.628,MI,4124000,-85.69867924,44.43639239
4127918,"PINE RIVER NEAR RUDYARD, MI",548.2863,MI,4127918,-84.59782625,46.18585053
4127997,"STURGEON RIVER AT WOLVERINE, MI",487.1601,MI,4127997,-84.60003148,45.27445746
4161580,"STONY CREEK NEAR ROMEO, MI",64.3104,MI,4161580,-83.0902121,42.8008637
4185000,Tiffin River at Stryker OH,1064.001,OH,4185000,-84.42967186,41.50449567
4196800,Tymochtee Creek at Crawford OH,608.067,OH,4196800,-83.34881158,40.92283322
4197100,Honey Creek at Melmore OH,388.2105,OH,4197100,-83.10963818,41.022278
4197170,Rock Creek at Tiffin OH,95.20831,OH,4197170,-83.16825212,41.11366592
4213000,Conneaut Creek at Conneaut OH,455.2974,OH,4213000,-80.60396593,41.92699898
4213075,"Brandy Run near Girard, PA",11.6514,PA,4213075,-80.2911737,41.9920003
4216418,TONAWANDA CREEK AT ATTICA NY,196.4727,NY,4216418,-78.28362793,42.86394893
4221000,GENESEE RIVER AT WELLSVILLE NY,750.879,NY,4221000,-77.95722459,42.12229032
4224775,CANASERAGA CREEK ABOVE DANSVILLE NY,231.8445,NY,4224775,-77.70416132,42.5356226
4233000,CAYUGA INLET NEAR ITHACA NY,91.8999,NY,4233000,-76.5449429,42.3931287
4256000,INDEPENDENCE RIVER AT DONNATTSBURG NY,232.4457,NY,4256000,-75.33434745,43.74729136
4296000,"BLACK RIVER AT COVENTRY, VT",302.1894,VT,4296000,-72.2701042,44.86893639
5056000,"SHEYENNE RIVER NR WARWICK, ND",4862.024,ND,5056000,-98.71621718,47.80555344
5057000,"SHEYENNE RIVER NR COOPERSTOWN, ND",7582.457,ND,5057000,-98.02759541,47.43277097
5057200,"BALDHILL CREEK NR DAZEY, ND",1897.332,ND,5057200,-98.12481891,47.22915623
5062500,"WILD RICE RIVER AT TWIN VALLEY, MN",2407.047,MN,5062500,-96.24478028,47.26662917
5087500,"MIDDLE RIVER AT ARGYLE, MN",600.8184,MN,5087500,-96.81811688,48.34108857
5120500,"WINTERING RIVER NR KARLSRUHE, ND",1509.827,ND,5120500,-100.5398623,48.13833739
5123400,"WILLOW CREEK NR WILLOW CITY, ND",3206.101,ND,5123400,-100.4420787,48.58888752
5129115,"VERMILION RIVER NR CRANE LAKE, MN",2357.585,MN,5129115,-92.56599361,48.26462833
5131500,"LITTLE FORK RIVER AT LITTLEFORK, MN",4383.507,MN,5131500,-93.54932667,48.39577639
5291000,"WHETSTONE RIVER NEAR BIG STONE CITY, SD",1046.776,SD,5291000,-96.48755694,45.29163167
5362000,"JUMP RIVER AT SHELDON, WI",1477.292,WI,5362000,-90.95652506,45.30802638
5393500,"SPIRIT RIVER AT SPIRIT FALLS, WI",220.4352,WI,5393500,-89.97931083,45.44913202
5399500,"BIG EAU PLEINE RIVER AT STRATFORD, WI",576.3033,WI,5399500,-90.07957543,44.82190984
5408000,"KICKAPOO RIVER AT LA FARGE, WI",689.3334,WI,5408000,-90.64318611,43.57414037
5412500,"Turkey River at Garber, IA",3858.214,IA,5412500,-91.26179908,42.73998843
5413500,"GRANT RIVER AT BURTON, WI",695.3256,WI,5413500,-90.81929352,42.72027114
5414000,"PLATTE RIVER NEAR ROCKVILLE, WI",370.7901,WI,5414000,-90.64040529,42.73110419
5444000,"ELKHORN CREEK NEAR PENROSE, IL",376.3512,IL,5444000,-89.69622298,41.90280739
5454000,"Rapid Creek near Iowa City, IA",65.3814,IA,5454000,-91.48766843,41.70001652
5458000,"Little Cedar River near Ionia, IA",776.7648,IA,5458000,-92.50354351,43.03328014
5466500,"EDWARDS RIVER NEAR NEW BOSTON, IL",1151.567,IL,5466500,-90.96736632,41.18697738
5487980,"White Breast Creek near Dallas, IA",882.7254,IA,5487980,-93.26606966,41.24688494
5488200,"English Creek near Knoxville, IA",234.2088,IA,5488200,-93.04548051,41.30055336
5489000,"Cedar Creek near Bussey, IA",964.7559,IA,5489000,-92.90853319,41.21900212
5495000,"Fox River at Wayland, MO",1027.552,MO,5495000,-91.597875,40.39240833
5495500,"BEAR CREEK NEAR MARCELLINE, IL",905.5557,IL,5495500,-91.33737008,40.14282371
5501000,"North River at Palmyra, MO",922.8276,MO,5501000,-91.5177,39.81799167
5503800,"Crooked Creek near Paris, MO",212.6412,MO,5503800,-91.99348889,39.58482778
5507600,"Lick Creek at Perry, MO",275.3757,MO,5507600,-91.67627075,39.43142963
5508805,"Spencer Cr. bl Plum Cr. nr Frankford, MO",536.4018,MO,5508805,-91.34275,39.52046389
5514500,"CUIVRE RIVER NEAR TROY, MO",2407.411,MO,5514500,-90.97753611,39.00880278
5525500,"SUGAR CREEK AT MILFORD, IL",1158.759,IL,5525500,-87.72391809,40.6300362
5556500,"BIG BUREAU CREEK AT PRINCETON, IL",505.0946,IL,5556500,-89.49842655,41.36586984
5584500,"LA MOINE RIVER AT COLMAR, IL",1695.671,IL,5584500,-90.89624511,40.33032166
5585000,"LA MOINE RIVER AT RIPLEY, IL",3354.608,IL,5585000,-90.63179466,40.02477041
5591550,"WHITLEY CREEK NEAR ALLENVILLE, IL",96.20551,IL,5591550,-88.52755468,39.50670031
5592050,"ROBINSON CREEK NEAR SHELBYVILLE, IL",254.1213,IL,5592050,-88.89646283,39.40587344
5593575,"LITTLE CROOKED CREEK NEAR NEW MINDEN, IL",217.6731,IL,5593575,-89.41675104,38.44171643
5593900,"EAST FORK SHOAL CREEK NEAR COFFEEN, IL",145.4472,IL,5593900,-89.35230484,39.14893485
5595730,"RAYSE CREEK NEAR WALTONVILLE, IL",236.7603,IL,5595730,-89.03979328,38.25393889
6037500,Madison River near West Yellowstone MT,1126.247,MT,6037500,-111.0682742,44.6568722
6043500,Gallatin River near Gallatin Gateway MT,2120.42,MT,6043500,-111.2705108,45.4974286
6154410,Little Peoples Creek near Hays MT,33.4053,MT,6154410,-108.6607103,47.9661044
6188000,"LAMAR RIVER NR TOWER FALLS RANGER STATION, YNP",1730.28,WY,6188000,-110.3938099,44.92771567
6191000,Gardner River near Mammoth YNP,513.8847,MT,6191000,-110.6913211,44.99243556
6191500,Yellowstone River at Corwin Springs MT,6783.593,MT,6191500,-110.7943814,45.1118797
6221400,"DINWOODY CREEK ABOVE LAKES, NEAR BURRIS, WYO.",227.8809,WY,6221400,-109.4101431,43.34551138
6224000,"BULL LAKE CREEK ABOVE BULL LAKE, WY",484.8579,WY,6224000,-109.2029109,43.17690132
6278300,"SHELL CREEK ABOVE SHELL CREEK RESERVOIR, WY",58.851,WY,6278300,-107.4036886,44.50801953
6280300,"SOUTH FORK SHOSHONE RIVER NEAR VALLEY, WY",793.953,WY,6280300,-109.5548879,44.20828238
6289000,Little Bighorn River at State Line nr Wyola MT,471.2687,MT,6289000,-107.6150953,45.0069097
6291500,Lodge Grass Cr ab Willow C Div nr Wyola MT,217.9557,MT,6291500,-107.6005448,45.12644468
6309200,"MIDDLE FORK POWDER RIVER NEAR BARNUM, WY",117.5427,WY,6309200,-107.1383995,43.57773999
6311000,"NORTH FORK POWDER RIVER NEAR HAZELTON, WY",61.2315,WY,6311000,-107.0808955,44.02774228
6332515,"BEAR DEN CREEK NR MANDAREE, ND",191.4867,ND,6332515,-102.7685256,47.78723694
6339100,"KNIFE RIVER AT MANNING, ND",529.1415,ND,6339100,-102.7699074,47.23612594
6339500,"KNIFE RIVER NR GOLDEN VALLEY, ND",3171.457,ND,6339500,-102.0598921,47.15445301
6344600,"GREEN RIVER NR NEW HRADEC, ND",402.4971,ND,6344600,-103.0532355,47.02779158
6350000,"CANNONBALL RIVER AT REGENT, ND",1501.049,ND,6350000,-102.5518303,46.42667116
6352000,"CEDAR CREEK NR HAYNES, ND",1441.832,ND,6352000,-102.4740467,46.15417025
6353000,"CEDAR CREEK NR RALEIGH, ND",4526.511,ND,6353000,-101.333742,46.09166988
6354000,"CANNONBALL RIVER AT BREIEN, ND",10598.19,ND,6354000,-100.9344444,46.37611111
6360500,MOREAU R NEAR WHITEHORSE SD,12654.96,SD,6360500,-100.8429214,45.25581712
6404000,BATTLE CR NEAR KEYSTONE SD,151.8273,SD,6404000,-103.3365779,43.87248893
6406000,BATTLE CR AT HERMOSA SD,436.3389,SD,6406000,-103.1960211,43.82804586
6408700,RHOADS FORK NEAR ROCHFORD SD,20.7954,SD,6408700,-103.8585355,44.13664933
6409000,CASTLE CR ABOVE DEERFIELD RES NEAR HILL CITY SD,205.3285,SD,6409000,-103.8304784,44.01359238
6422500,BOXELDER CR NEAR NEMO SD,243.9207,SD,6422500,-103.4549107,44.14387557
6431500,SPEARFISH CR AT SPEARFISH SD,427.1049,SD,6431500,-103.861592,44.48248388
6441500,BAD R NEAR FORT PIERRE SD,8152.545,SD,6441500,-100.3843003,44.32664897
6447000,WHITE R NEAR KADOKA SD,12849.71,SD,6447000,-101.5248665,43.75249491
6447500,LITTLE WHITE R NEAR MARTIN SD,826.6077,SD,6447500,-101.6301489,43.16666553
6450500,LITTLE WHITE R BELOW WHITE RIVER SD,4111.272,SD,6450500,-100.7498608,43.60138549
6452000,WHITE R NEAR OACOMA SD,25791.04,SD,6452000,-99.5564948,43.74832745
6453600,"PONCA CREEK AT VERDEL, NEBR.",2101.42,NE,6453600,-98.17585833,42.81099444
6464500,KEYA PAHA R AT WEWELA SD,2914.043,SD,6464500,-99.78067095,43.02889277
6468170,"JAMES RIVER NR GRACE CITY, ND",2809.098,ND,6468170,-98.862885,47.5580525
6468250,"JAMES RIVER ABOVE ARROWWOOD LAKE NR KENSAL, ND",3242.608,ND,6468250,-98.79760572,47.39971891
6470800,"BEAR CREEK NR OAKES, ND",1071.145,ND,6470800,-98.0717676,46.22524393
6477500,FIRESTEEL CR NEAR MOUNT VERNON SD,1512.444,SD,6477500,-98.24567222,43.7764
6479215,BIG SIOUX RIVER NR FLORENCE SD,175.2822,SD,6479215,-97.1861904,45.18079549
6479438,BIG SIOUX R NEAR WATERTOWN SD,951.9129,SD,6479438,-97.1650756,45.0060753
6601000,"OMAHA CR AT HOMER, NEBR",450.1989,NE,6601000,-96.48768333,42.32158056
6614800,"MICHIGAN RIVER NEAR CAMERON PASS, CO.",4.0284,CO,6614800,-105.865012,40.49609409
6622700,"NORTH BRUSH CREEK NEAR SARATOGA, WY",98.703,WY,6622700,-106.5205815,41.37024471
6632400,"ROCK CREEK AB KING CANYON CANAL, NR ARLINGTON, WY",162.9855,WY,6632400,-106.2227909,41.58524549
6746095,"JOE WRIGHT CREEK ABOVE JOE WRIGHT RESERVOIR, CO.",8.9046,CO,6746095,-105.88279,40.53998222
6775500,"MIDDLE LOUP RIVER AT DUNNING, NEBR.",5459.764,NE,6775500,-100.1007778,41.83124444
6784000,"SOUTH LOUP R AT ST. MICHAEL, NEBR.",6019.745,NE,6784000,-98.74053333,41.03244444
6803510,"LITTLE SALT CREEK NEAR LINCOLN, NEBR.",113.2785,NE,6803510,-96.68155278,40.89311389
6803530,"ROCK CREEK NEAR CERESCO, NEBR.",309.7458,NE,6803530,-96.54428333,41.01569722
6814000,"TURKEY C NR SENECA, KS",713.826,KS,6814000,-96.10861492,39.94777732
6846500,"BEAVER C AT CEDAR BLUFFS, KS",4357.758,KS,6846500,-100.560148,39.98500557
6847900,"PRAIRIE DOG C AB KEITH SEBELIUS LAKE, KS",1536.188,KS,6847900,-100.1007792,39.76984922
6853800,"WHITE ROCK C NR BURR OAK, KS",589.4253,KS,6853800,-98.25042485,39.89924944
6876700,"SALT C NR ADA, KS",1056.442,KS,6876700,-97.83695994,39.13906876
6878000,"CHAPMAN C NR CHAPMAN, KS",776.4183,KS,6878000,-97.0402922,39.031109
6879650,"KINGS C NR MANHATTAN, KS",11.5065,KS,6879650,-96.59521413,39.10194797
6885500,"BLACK VERMILLION R NR FRANKFORT, KS",1062.869,KS,6885500,-96.44289431,39.68192405
6888500,"MILL C NR PAXICO, KS",842.346,KS,6888500,-96.15025179,39.06265453
6889200,"SOLDIER C NR DELIA, KS",385.6599,KS,6889200,-95.88859924,39.23833024
6889500,"SOLDIER C NR TOPEKA, KS",748.5822,KS,6889500,-95.72495226,39.09938003
6892000,"STRANGER C NR TONGANOXIE, KS",1092.723,KS,6892000,-95.01088111,39.11632734
6903400,"Chariton River near Chariton, IA",481.4154,IA,6903400,-93.25984769,40.95189005
6906800,"Lamine River near Otterville, MO",1414.753,MO,6906800,-92.9788333,38.70225
6910800,"MARAIS DES CYGNES R NR READING, KS",444.5973,KS,6910800,-95.96163206,38.56700524
6911900,"DRAGOON C NR BURLINGAME, KS",293.0553,KS,6911900,-95.8360288,38.71069034
6917000,"L OSAGE R AT FULTON, KS",765.7839,KS,6917000,-94.71366829,38.01896828
6918460,"Turnback Creek above Greenfield, MO",650.6892,MO,6918460,-93.80202778,37.40236944
6919500,"Cedar Creek near Pleasant View, MO",1069.424,MO,6919500,-93.87549183,37.83420277
6921070,"Pomme de Terre River near Polk, MO",712.586,MO,6921070,-93.37033333,37.68265278
6921200,"Lindley Creek near Polk, MO",323.6193,MO,6921200,-93.26618333,37.75046667
6934000,"Gasconade River near Rich Fountain, MO",8264.9,MO,6934000,-91.81988889,38.38880833
7014500,"Meramec River near Sullivan, MO",3845.5,MO,7014500,-91.10845833,38.15853056
7056000,"Buffalo River near St. Joe, AR",2149.364,AR,7056000,-92.74755278,35.983175
7057500,"North Fork River near Tecumseh, MO",1456.436,MO,7057500,-92.248125,36.62303333
7060710,"North Sylamore Creek near Fifty Six, AR",150.0277,AR,7060710,-92.21265464,35.99535053
7066000,"Jacks Fork at Eminence, MO",1053.496,MO,7066000,-91.35816111,37.15408056
7067000,"Current River at Van Buren, MO",4349.011,MO,7067000,-91.01351111,36.99137778
7068000,"Current River at Doniphan, MO",5318.585,MO,7068000,-90.84762251,36.62200294
7071500,"Eleven Point River near Bardley, MO",2023.769,MO,7071500,-91.20081944,36.64868056
7083000,"HALFMOON CREEK NEAR MALTA, CO.",60.76139,CO,7083000,-106.3891926,39.17221259
7105945,"ROCK CREEK ABOVE FORT CARSON RESERVATION, CO.",17.4771,CO,7105945,-104.8466403,38.70749302
7142300,"RATTLESNAKE C NR MACKSVILLE, KS",1819.941,KS,7142300,-98.8761373,37.87159374
7144780,"NF NINNESCAH R AB CHENEY RE, KS",2078.906,KS,7144780,-98.01385325,37.86260737
7145700,"SLATE C AT WELLINGTON, KS",399.8106,KS,7145700,-97.40389581,37.2495504
7148400,"Salt Fork Arkansas River nr Alva, OK",2544.504,OK,7148400,-98.6481394,36.81503056
7149000,"MEDICINE LODGE R NR KIOWA, KS",2291.199,KS,7149000,-98.47021478,37.03920157
7151500,"CHIKASKIA R NR CORBIN, KS",2108.996,KS,7151500,-97.60143889,37.12891226
7167500,"OTTER C AT CLIMAX, KS",319.6179,KS,7167500,-96.22360237,37.70820958
7180500,"CEDAR C NR CEDAR POINT, KS",275.5053,KS,7180500,-96.82457873,38.19645062
7184000,"LIGHTNING C NR MCCUNE, KS",510.8391,KS,7184000,-95.03266782,37.28125445
7195800,"Flint Creek at Springtown, AR",38.2347,AR,7195800,-94.43394167,36.25548056
7196900,"Baron Fork at Dutch Mills, AR",106.3521,AR,7196900,-94.48660625,35.88008235
7197000,"Baron Fork at Eldon, OK",808.4485,OK,7197000,-94.8385633,35.92120028
7208500,"RAYADO CREEK NEAR CIMARRON, NM",159.2235,NM,7208500,-104.9700026,36.37225823
7226500,"UTE CREEK NEAR LOGAN, NM",5242.753,NM,7226500,-103.5257944,35.43838224
7261000,"Cadron Creek near Guy, AR",445.8141,AR,7261000,-92.40393056,35.2988
7290650,"BAYOU PIERRE NR WILLOWS, MS",1688.728,MS,7290650,-90.87694444,32.01777778
7291000,"HOMOCHITTO RIVER AT EDDICETON, MS",479.2959,MS,7291000,-90.7775,31.50305556
7292500,"HOMOCHITTO RIVER AT ROSETTA, MS",2073.093,MS,7292500,-91.10944444,31.32472222
7295000,"BUFFALO RIVER NR WOODVILLE, MS",466.5798,MS,7295000,-91.29555556,31.22694444
7299670,"Groesbeck Ck at SH 6 nr Quanah, TX",828.3573,TX,7299670,-99.74037187,34.35451979
7301410,"Sweetwater Ck nr Kelton, TX",769.6656,TX,7301410,-100.1209501,35.47310419
7301500,"North Fork Red River near Carter, OK",6885.075,OK,7301500,-99.5073128,35.1681083
7315200,"E Fk Little Wichita Rv nr Henrietta, TX",501.6159,TX,7315200,-98.08504064,33.81287833
7315700,"Mud Creek near Courtney, OK",1488.686,OK,7315700,-97.566968,34.00426528
7335700,"Kiamichi River near Big Cedar, OK",102.5696,OK,7335700,-94.6127236,34.63843694
7340300,"Cossatot River near Vandervoort, AR",230.4347,AR,7340300,-94.235763,34.37955418
7346045,"Black Cypress Bayou at Jefferson, TX",959.8869,TX,7346045,-94.3574153,32.77791731
7359610,"Caddo River near Caddo Gap, AR",342.2349,AR,7359610,-93.60611,34.38278
7362100,"SMACKOVER CREEK NEAR SMACKOVER, ARK.",996.0786,AR,7362100,-92.77710581,33.37595623
7373000,"Big Creek at Pollock, LA",131.1775,LA,7373000,-92.40847139,31.5362873
7375000,"Tchefuncta River near Folsom, LA",249.3477,LA,7375000,-90.24869545,30.61602231
7376000,"Tickfaw River at Holden, LA",651.6053,LA,7376000,-90.67731629,30.50380161
7377000,"Amite River near Darlington, LA",1525.312,LA,7377000,-90.84454541,30.88906941
8013000,"CALCASIEU RIVER NR GLENMORA, LA",1293.693,LA,8013000,-92.67375497,30.99602322
8014500,"Whiskey Chitto Creek Near Oberlin, LA",1305.147,LA,8014500,-92.89319444,30.69875
8023080,"Bayou Grand Cane near Stanley, LA",187.6086,LA,8023080,-93.9340773,31.97933309
8025500,"Bayou Toro near Toro, LA",383.0247,LA,8025500,-93.51572947,31.30712737
8029500,"Big Cow Ck nr Newton, TX",333.3996,TX,8029500,-93.78555556,30.81888889
8050800,"Timber Ck nr Collinsville, TX",100.9324,TX,8050800,-96.94722668,33.55455428
8066200,"Long King Ck at Livingston, TX",364.1202,TX,8066200,-94.95882373,30.716306
8066300,"Menard Ck nr Rye, TX",383.5714,TX,8066300,-94.77972222,30.48138889
8070000,"E Fk San Jacinto Rv nr Cleveland, TX",841.0554,TX,8070000,-95.10409994,30.33659809
8070200,"E Fk San Jacinto Rv nr New Caney, TX",989.3655,TX,8070200,-95.12437563,30.1454932
8079600,"DMF Brazos Rv at Justiceburg, TX",3348.947,TX,8079600,-101.1976302,33.03843236
8082700,"Millers Ck nr Munday, TX",276.0354,TX,8082700,-99.46508251,33.32926607
8086212,"Hubbard Ck bl Albany, TX",1584.818,TX,8086212,-99.14062992,32.73289717
8086290,"Big Sandy Ck abv Breckenridge, TX",732.9825,TX,8086290,-99.00451456,32.64845613
8101000,"Cowhouse Ck at Pidcoke, TX",1177.1,TX,8101000,-97.88502445,31.28489022
8103900,"S Fk Rocky Ck nr Briggs, TX",86.00084,TX,8103900,-98.0369676,30.91156805
8104900,"S Fk San Gabriel Rv at Georgetown, TX",342.6174,TX,8104900,-97.69112037,30.6257499
8109700,"Middle Yegua Ck nr Dime Box, TX",610.1262,TX,8109700,-96.90470373,30.33937764
8150800,"Beaver Ck nr Mason, TX",557.5212,TX,8150800,-99.09588478,30.64351548
8155200,"Barton Ck at SH 71 nr Oak Hill, TX",232.7427,TX,8155200,-97.925565,30.29631587
8158700,"Onion Ck nr Driftwood, TX",320.3442,TX,8158700,-98.00778589,30.08298924
8158810,"Bear Ck bl FM 1826 nr Driftwood, TX",31.7889,TX,8158810,-97.94000762,30.15548749
8164000,"Lavaca Rv nr Edna, TX",2123.997,TX,8164000,-96.6863668,28.95998449
8164300,"Navidad Rv nr Hallettsville, TX",861.5421,TX,8164300,-96.81275597,29.46690801
8164600,"Garcitas Ck nr Inez, TX",253.9206,TX,8164600,-96.81914857,28.89137591
8165300,"N Fk Guadalupe Rv nr Hunt, TX",435.9924,TX,8165300,-99.38699162,30.06409747
8171300,"Blanco Rv nr Kyle, TX",1067.474,TX,8171300,-97.91000511,29.97938297
8175000,"Sandies Ck nr Westhoff, TX",1421.657,TX,8175000,-97.44943529,29.2152475
8176900,"Coleto Ck at Arnold Rd nr Schroeder, TX",925.4421,TX,8176900,-97.2263791,28.86165308
8178880,"Medina Rv at Bandera, TX",850.5792,TX,8178880,-99.07003496,29.72383537
8189500,"Mission Rv at Refugio, TX",1808.286,TX,8189500,-97.27915932,28.29195088
8190000,"Nueces Rv at Laguna, TX",1961.433,TX,8190000,-99.9972871,29.42856679
8190500,"W Nueces Rv nr Brackettville, TX",1799.09,TX,8190500,-100.2364633,29.47273118
8194200,"San Casimiro Ck nr Freer, TX",1220.584,TX,8194200,-98.96696778,27.96501329
8195000,"Frio Rv at Concan, TX",1028.286,TX,8195000,-99.70477562,29.48856496
8196000,"Dry Frio Rv nr Reagan Wells, TX",326.9781,TX,8196000,-99.78144517,29.50467576
8198500,"Sabinal Rv at Sabinal, TX",624.347,TX,8198500,-99.4804722,29.31430556
8200000,"Hondo Ck nr Tarpley, TX",249.1146,TX,8200000,-99.24670636,29.56967272
8202700,"Seco Ck at Rowe Ranch nr D'Hanis, TX",434.745,TX,8202700,-99.28781853,29.37078917
8267500,"RIO HONDO NEAR VALDEZ, NM",96.2577,NM,8267500,-105.5563978,36.54169317
8269000,"RIO PUEBLO DE TAOS NEAR TAOS, NM",163.2663,NM,8269000,-105.5036203,36.43947243
8271000,"RIO LUCERO NEAR ARROYO SECO, NM",43.7742,NM,8271000,-105.5308423,36.50836055
8324000,"JEMEZ RIVER NEAR JEMEZ, NM",1207.948,NM,8324000,-106.743369,35.66169371
8377900,"RIO MORA NEAR TERRERO, NM",139.0311,NM,8377900,-105.6580725,35.77725369
8378500,"PECOS RIVER NEAR PECOS, NM",444.9591,NM,8378500,-105.6825171,35.70836606
8380500,"GALLINAS CREEK NEAR MONTEZUMA, NM",198.0621,NM,8380500,-105.3188997,35.65198595
9034900,"BOBTAIL CREEK NEAR JONES PASS, CO.",15.6492,CO,9034900,-105.9064014,39.76026447
9035800,"DARLING CREEK NEAR LEAL, CO.",22.9437,CO,9035800,-106.0264066,39.80054181
9035900,"SOUTH FORK OF WILLIAMS FORK NEAR LEAL, CO.",72.8421,CO,9035900,-106.0305734,39.79581958
9047700,"KEYSTONE GULCH NEAR DILLON, CO.",23.5701,CO,9047700,-105.9725158,39.59443117
9065500,"GORE CREEK AT UPPER STATION, NEAR MINTURN, CO.",37.7757,CO,9065500,-106.2780823,39.6258193
9066000,"BLACK GORE CREEK NEAR MINTURN, CO.",32.4099,CO,9066000,-106.2650264,39.59637495
9066200,"BOOTH CREEK NEAR MINTURN, CO.",16.0965,CO,9066200,-106.3230833,39.64831927
9066300,"MIDDLE CREEK NEAR MINTURN, CO.",15.5223,CO,9066300,-106.3822512,39.64581933
9081600,"CRYSTAL RIVER AB AVALANCHE C, NEAR REDSTONE, CO.",432.8928,CO,9081600,-107.2272726,39.23220666
9107000,"TAYLOR RIVER AT TAYLOR PARK, CO.",331.6194,CO,9107000,-106.5666966,38.86027127
9183500,"MILL CREEK AT SHELEY TUNNEL, NEAR MOAB, UT.",74.3022,UT,9183500,-109.4040043,38.4830403
9210500,"FONTENELLE C NR HERSCHLER RANCH, NR FONTENELLE, WY",398.3094,WY,9210500,-110.4165559,42.09605297
9223000,"HAMS FORK BELOW POLE CREEK, NEAR FRONTIER, WY",333.153,WY,9223000,-110.7096212,42.11049394
9306242,"CORRAL GULCH NEAR RANGELY, CO.",81.9855,CO,9306242,-108.4728719,39.92025021
9312600,"WHITE RIVER BL TABBYUNE C NEAR SOLDIER SUMMIT, UT",195.2946,UT,9312600,-111.0373878,39.87579282
9352900,"VALLECITO CREEK NEAR BAYFIELD, CO.",188.1514,CO,9352900,-107.5436688,37.47750126
9378170,"SOUTH CREEK ABOVE RESERVOIR NEAR MONTICELLO, UT",21.8979,UT,9378170,-109.3695625,37.84666083
9378630,"RECAPTURE CREEK NEAR BLANDING, UT",10.4238,UT,9378630,-109.476511,37.75555042
9386900,"RIO NUTRIA NEAR RAMAH, NM",184.9419,NM,9386900,-108.5534109,35.28252877
9404450,"EAST FORK VIRGIN RIVER NEAR GLENDALE, UT",192.96,UT,9404450,-112.6043769,37.33942723
9430500,"GILA RIVER NEAR GILA, NM",4804.927,NM,9430500,-108.5372751,33.06117891
9430600,"MOGOLLON CREEK NEAR CLIFF, NM",190.522,NM,9430600,-108.6497786,33.1667329
9447800,"BONITA CREEK NEAR MORENCI, AZ.",781.9614,AZ,9447800,-109.5311876,32.95561778
9480000,"SANTA CRUZ RIVER NEAR LOCHIEL, AZ.",213.381,AZ,9480000,-110.5895264,31.35537817
9484000,"SABINO CREEK NEAR TUCSON, AZ.",103.6521,AZ,9484000,-110.8103674,32.3167422
9484600,"PANTANO WASH NEAR VAIL, AZ.",1179.589,AZ,9484600,-110.6775818,32.0359141
9492400,"EAST FORK WHITE RIVER NEAR FORT APACHE, AZ.",128.9673,AZ,9492400,-109.8145413,33.8222723
9494000,"WHITE RIVER NEAR FORT APACHE, AZ.",1628.228,AZ,9494000,-110.1667671,33.73644059
9497800,"CIBECUE CREEK NEAR CHYSOTILE, AZ.",750.8628,AZ,9497800,-110.5576092,33.84310532
9497980,"CHERRY CREEK NEAR GLOBE, AZ.",516.798,AZ,9497980,-110.8562266,33.8278262
9505200,"WET BEAVER CREEK NEAR RIMROCK, AZ.",285.6771,AZ,9505200,-111.672094,34.67474409
9505350,"DRY BEAVER CREEK NEAR RIMROCK, AZ.",365.6619,AZ,9505350,-111.775708,34.72863146
9505800,"WEST CLEAR CREEK NEAR CAMP VERDE, AZ.",614.9414,AZ,9505800,-111.6940356,34.53863606
9508300,"WET BOTTOM CREEK NEAR CHILDS, AZ.",93.0006,AZ,9508300,-111.6929235,34.16086787
9510200,"SYCAMORE CREEK NEAR FORT MCDOWELL, AZ.",425.3085,AZ,9510200,-111.541802,33.69421054
9512280,"CAVE CREEK BLW COTTONWOOD CR NEAR CAVE CREEK, AZ.",188.7093,AZ,9512280,-111.9540388,33.88725977
9513780,"NEW RIVER NEAR ROCK SPRINGS, AZ.",177.4701,AZ,9513780,-112.0990458,33.97420168
9535100,"SAN SIMON WASH NEAR PISINIMO, AZ.",1482.933,AZ,9535100,-112.3709706,32.04423703
10023000,"BIG CREEK NEAR RANDOLPH, UT",131.4567,UT,10023000,-111.2540876,41.60994177
10109001,COM F LOGAN R AB ST D AND LO HP AND SM C N LO UT,555.5961,UT,10109001,-111.7843867,41.74437546
10166430,"WEST CANYON CREEK NEAR CEDAR FORT, UT",70.173,UT,10166430,-112.1004959,40.40522565
10172200,"RED BUTTE CREEK AT FORT DOUGLAS, NEAR SLC, UT",18.68708,UT,10172200,-111.806045,40.77994627
10172700,"VERNON CREEK NEAR VERNON, UT",69.92911,UT,10172700,-112.3802297,39.97939105
10172800,"SOUTH WILLOW CREEK NEAR GRANTSVILLE, UT",11.0709,UT,10172800,-112.5744028,40.49633109
10173450,"MAMMOTH CREEK ABV WEST HATCH DITCH, NEAR HATCH, UT",268.5276,UT,10173450,-112.5168773,37.62275721
10234500,"BEAVER RIVER NEAR BEAVER, UT",236.4192,UT,10234500,-112.5682713,38.28052642
10242000,"COAL CREEK NEAR CEDAR CITY, UT",208.6857,UT,10242000,-113.0346702,37.67219924
10244950,"STEPTOE C NR ELY, NV",28.1961,NV,10244950,-114.6891611,39.20153889
10249300,"S TWIN R NR ROUND MOUNTAIN, NV",50.1957,NV,10249300,-117.2453673,38.88743023
10258000,TAHQUITZ C NR PALM SPRINGS CA,43.6914,CA,10258000,-116.5591816,33.80501929
10258500,PALM CYN C NR PALM SPRINGS CA,241.5123,CA,10258500,-116.5355709,33.74502178
10259000,ANDREAS C NR PALM SPRINGS CA,22.4568,CA,10259000,-116.5500155,33.76002112
10259200,DEEP C NR PALM DESERT CA,79.1235,CA,10259200,-116.3922342,33.63113647
10263500,BIG ROCK C NR VALYERMO CA,59.4639,CA,10263500,-117.8395072,34.42083115
10308200,E F CARSON R BL MARKLEEVILLE C NR MARKLEEVILLECA,716.4228,CA,10308200,-119.7648985,38.71462743
10310500,"CLEAR CREEK NEAR CARSON CITY, NV",39.4893,NV,10310500,-119.7982365,39.11324216
10316500,"LAMOILLE C NR LAMOILLE, NV",64.7784,NV,10316500,-115.477003,40.69076057
10329500,"MARTIN C NR PARADISE VALLEY, NV",454.5207,NV,10329500,-117.4179047,41.53461752
10336645,GENERAL C NR MEEKS BAY CA,19.5984,CA,10336645,-120.1185209,39.05185197
10336660,BLACKWOOD C NR TAHOE CITY CA,29.7963,CA,10336660,-120.1621352,39.10740708
10336676,WARD C AT HWY 89 NR TAHOE PINES CA,24.7167,CA,10336676,-120.1576913,39.13212922
10336740,"Logan House Ck nr Glenbrook, NV",5.5368,NV,10336740,-119.9354605,39.06657478
10343500,SAGEHEN C NR TRUCKEE CA,27.6027,CA,10343500,-120.2379793,39.43157246
10348850,GALENA C AT GALENA C STATE PARK,19.1385,NV,10348850,-119.8585225,39.35435414
10396000,DONNER UND BLITZEN RIVER NR FRENCHGLEN OR,528.894,OR,10396000,-118.8675,42.79083333
11015000,SWEETWATER R NR DESCANSO CA,117.7605,CA,11015000,-116.6230747,32.83477372
11098000,ARROYO SECO NR PASADENA CA,41.5665,CA,11098000,-118.1775727,34.22222629
11124500,SANTA CRUZ C NR SANTA YNEZ CA,191.5227,CA,11124500,-119.9087519,34.59665633
11141280,LOPEZ C NR ARROYO GRANDE CA,54.0072,CA,11141280,-120.4723857,35.23553035
11143000,BIG SUR R NR BIG SUR CA,120.6126,CA,11143000,-121.7732872,36.24579648
11148900,NACIMIENTO R BL SAPAQUE C NR BRYSON CA,403.4547,CA,11148900,-121.0938048,35.78857918
11151300,SAN LORENZO C BL BITTERWATER C NR KING CITY CA,608.2281,CA,11151300,-121.066303,36.26802087
11162500,PESCADERO C NR PESCADERO CA,118.8711,CA,11162500,-122.3288603,37.26077707
11176400,ARROYO VALLE BL LANG CN NR LIVERMORE CA,338.5611,CA,11176400,-121.6838389,37.56132196
11180500,DRY C A UNION CITY CA,24.3189,CA,11180500,-122.0238504,37.6060452
11180960,CULL C AB CULL C RES NR CASTRO VALLEY CA,15.0624,CA,11180960,-122.0544067,37.71770737
11224500,LOS GATOS C AB NUNEZ CYN NR COALINGA CA,247.4352,CA,11224500,-120.4707116,36.21467719
11230500,BEAR C NR LAKE THOMAS A EDISON CA,135.5301,CA,11230500,-118.9734513,37.33938634
11237500,PITMAN C BL TAMARACK C CA,59.8239,CA,11237500,-119.2137328,37.19855659
11253310,CANTUA C NR CANTUA CREEK CA,120.4371,CA,11253310,-120.4334917,36.40217399
11264500,MERCED R A HAPPY ISLES BRIDGE NR YOSEMITE CA,467.9761,CA,11264500,-119.5587736,37.73159272
11266500,MERCED R A POHONO BRIDGE NR YOSEMITE CA,833.0817,CA,11266500,-119.6662788,37.71687138
11274500,ORESTIMBA C NR NEWMAN CA,347.7503,CA,11274500,-121.1252081,37.31549247
11274630,DEL PUERTO C NR PATTERSON CA,187.4375,CA,11274630,-121.2091026,37.48659935
11284400,BIG C AB WHITES GULCH NR GROVELAND CA,41.7168,CA,11284400,-120.1849103,37.84187143
11299600,BLACK C NR COPPEROPOLIS CA,37.3239,CA,11299600,-120.6152035,37.96103615
11315000,COLE C NR SALT SPRINGS DAM CA,54.0108,CA,11315000,-120.2126928,38.51907831
11381500,MILL C NR LOS MOLINOS CA,337.6305,CA,11381500,-122.0241542,40.05460222
11383500,DEER C NR VINA CA,539.7753,CA,11383500,-121.9483181,40.01404745
11427700,DUNCAN CYN C NR FRENCH MEADOWS CA,25.5231,CA,11427700,-120.4785353,39.1357376
11451100,NF CACHE C A HOUGH SPRING NR CLEARLAKE OAKS CA,155.0943,CA,11451100,-122.6199862,39.16544583
11468500,NOYO R NR FORT BRAGG CA,273.5145,CA,11468500,-123.7377917,39.42822378
11473900,MF EEL R NR DOS RIOS CA,1925.013,CA,11473900,-123.3252913,39.70626687
11475560,ELDER C NR BRANSCOMB CA,16.794,CA,11475560,-123.6439073,39.72959972
11476600,BULL C NR WEOTT CA,71.8452,CA,11476600,-124.0039312,40.35125028
11478500,VAN DUZEN R NR BRIDGEVILLE CA,572.3766,CA,11478500,-123.8908761,40.48041636
11480390,MAD R AB RUTH RES NR FOREST GLEN CA,242.5977,CA,11480390,-123.3353034,40.28431329
11481200,LITTLE R NR TRINIDAD CA,105.4035,CA,11481200,-124.0817333,41.01095903
11482500,REDWOOD C A ORICK CA,718.0398,CA,11482500,-124.0511825,41.2992896
11522500,SALMON R A SOMES BAR CA,1943.12,CA,11522500,-123.4775582,41.37762652
11523200,TRINITY R AB COFFEE C NR TRINITY CTR CA,382.9356,CA,11523200,-122.7055788,41.1112571
11528700,SF TRINITY R BL HYAMPOM CA,1980.083,CA,11528700,-123.4942046,40.64986273
11532500,SMITH R NR CRESCENT CITY CA,1577.962,CA,11532500,-124.0761887,41.79150263
12010000,"NASELLE RIVER NEAR NASELLE, WA",142.182,WA,12010000,-123.743482,46.3739937
12013500,"WILLAPA RIVER NEAR WILLAPA, WA",337.6854,WA,12013500,-123.6526584,46.65093418
12020000,"CHEHALIS RIVER NEAR DOTY, WA",294.2235,WA,12020000,-123.277644,46.61732361
12025000,"NEWAUKUM RIVER NEAR CHEHALIS, WA",404.9037,WA,12025000,-122.945126,46.6201042
12025700,"SKOOKUMCHUCK RIVER NEAR VAIL, WA",103.3029,WA,12025700,-122.5940086,46.77260276
12035000,"SATSOP RIVER NEAR SATSOP, WA",769.8996,WA,12035000,-123.4948838,47.0006512
12040500,"QUEETS RIVER NEAR CLEARWATER, WA",1153.437,WA,12040500,-124.3157457,47.53785884
12041200,"HOH RIVER AT US HIGHWAY 101 NEAR FORKS, WA",655.7967,WA,12041200,-124.2510329,47.80674726
12043000,"CALAWAH RIVER NEAR FORKS, WA",337.185,WA,12043000,-124.3929872,47.96007697
12048000,"DUNGENESS RIVER NEAR SEQUIM, WA",405.0063,WA,12048000,-123.1326773,48.01425781
12054000,"DUCKABUSH RIVER NEAR BRINNON, WA",171.675,WA,12054000,-123.0115511,47.68398059
12056500,"NF SKOKOMISH R BL STAIRCASE RPDS NR HOODSPORT, WA",146.9715,WA,12056500,-123.3298868,47.51425666
12073500,"HUGE CREEK NEAR WAUNA, WA",15.6726,WA,12073500,-122.6990242,47.38926205
12082500,"NISQUALLY RIVER NEAR NATIONAL, WA",349.9983,WA,12082500,-122.0837194,46.75260766
12092000,"PUYALLUP RIVER NEAR ELECTRON, WA",240.8814,WA,12092000,-122.0351092,46.90371641
12095000,"SOUTH PRAIRIE CREEK AT SOUTH PRAIRIE, WA",205.8354,WA,12095000,-122.0926135,47.13954628
12114500,"CEDAR RIVER BELOW BEAR CREEK NEAR CEDAR FALLS, WA",66.5559,WA,12114500,-121.5489858,47.34205417
12115000,"CEDAR RIVER NEAR CEDAR FALLS, WA",102.7983,WA,12115000,-121.6251009,47.37010733
12115500,"REX RIVER NEAR CEDAR FALLS, WA",34.7184,WA,12115500,-121.6631582,47.35066169
12117000,"TAYLOR CREEK NEAR SELLECK, WA",44.85363,WA,12117000,-121.8462217,47.38649132
12141300,"MIDDLE FORK SNOQUALMIE RIVER NEAR TANNER, WA",401.5098,WA,12141300,-121.6478809,47.48593975
12143600,"SF SNOQUALMIE RIVER AT EDGEWICK, WA",165.0069,WA,12143600,-121.7178847,47.45260396
12144000,"SF SNOQUALMIE RIVER AT NORTH BEND, WA",210.1059,WA,12144000,-121.7901109,47.49288017
12145500,"RAGING RIVER NEAR FALL CITY, WA",78.9804,WA,12145500,-121.9090047,47.53982388
12147500,"NORTH FORK TOLT RIVER NEAR CARNATION, WA",102.8934,WA,12147500,-121.7887272,47.71232365
12147600,"SOUTH FORK TOLT RIVER NEAR INDEX, WA",14.1264,WA,12147600,-121.6001069,47.70677144
12167000,"NF STILLAGUAMISH RIVER NEAR ARLINGTON, WA",683.7525,WA,12167000,-122.0476407,48.26149178
12175500,"THUNDER CREEK NEAR NEWHALEM, WA",273.8205,WA,12175500,-121.0728964,48.67262872
12178100,"NEWHALEM CREEK NEAR NEWHALEM, WA",69.6834,WA,12178100,-121.2384563,48.65595877
12186000,"SAUK RIVER AB WHITECHUCK RIVER NEAR DARRINGTON, WA",398.4354,WA,12186000,-121.4706723,48.16872009
12189500,"SAUK RIVER NEAR SAUK, WA",1855.317,WA,12189500,-121.5684634,48.42455859
12358500,Middle Fork Flathead River nr West Glacier MT,2939.194,MT,12358500,-114.0101189,48.49524417
12374250,Mill Cr ab Bassoo Cr nr Niarada MT,50.7897,MT,12374250,-114.6976303,47.82966417
12375900,South Crow Creek near Ronan MT,19.7226,MT,12375900,-114.0267742,47.4916
12377150,Mission Cr ab Reservoir nr ST Ignatius MT,32.1768,MT,12377150,-113.9795475,47.3229869
12381400,South Fork Jocko River near Arlee MT,150.9471,MT,12381400,-113.8506533,47.1954864
12383500,Big Knife Creek near Arlee MT,17.6706,MT,12383500,-113.9742717,47.14742806
12388400,Revais Cr bl West Fork nr Dixon MT,60.8409,MT,12388400,-114.4067864,47.2663172
12390700,Prospect Creek at Thompson Falls MT,470.2338,MT,12390700,-115.355153,47.5860461
12411000,NF COEUR D ALENE R AB SHOSHONE CK NR PRICHARD ID,867.4833,ID,12411000,-115.9791667,47.70611111
12413000,NF COEUR D ALENE RIVER AT ENAVILLE ID,2325.166,ID,12413000,-116.2533333,47.56888889
12414500,ST JOE RIVER AT CALDER ID,2678.972,ID,12414500,-116.1890492,47.27464004
12447390,"ANDREWS CREEK NEAR MAZAMA, WA",58.10103,WA,12447390,-120.1459245,48.82292454
12451000,"STEHEKIN RIVER AT STEHEKIN, WA",830.5974,WA,12451000,-120.6917669,48.32958017
12488500,"AMERICAN RIVER NEAR NILE, WA",205.1703,WA,12488500,-121.168696,46.97761606
13010065,SNAKE RIVER AB JACKSON LAKE AT FLAGG RANCH WY,1222.287,WY,13010065,-110.6675,44.09888889
13011500,PACIFIC CREEK AT MORAN WY,404.0775,WY,13011500,-110.5177778,43.85027778
13011900,BUFFALO FORK AB LAVA CREEK NR MORAN WY,851.8032,WY,13011900,-110.4411111,43.83805556
13018300,"CACHE CREEK NEAR JACKSON, WY",27.90146,WY,13018300,-110.7040913,43.45215258
13023000,GREYS RIVER AB RESERVOIR NR ALPINE WY,1161.929,WY,13023000,-110.9766667,43.14277778
13083000,TRAPPER CREEK NR OAKLEY ID,133.1838,ID,13083000,-113.9836111,42.16583333
13161500,BRUNEAU RIVER AT ROWLAND NV,986.1309,NV,13161500,-115.6745268,41.93323682
13185000,BOISE RIVER NR TWIN SPRINGS ID,2154.389,ID,13185000,-115.7272222,43.65944444
13235000,SF PAYETTE RIVER AT LOWMAN ID,1163.229,ID,13235000,-115.6222222,44.08527778
13240000,LAKE FORK PAYETTE RIVER AB JUMBO CR NR MCCALL ID,125.5698,ID,13240000,-115.9972222,44.91361111
13310700,SF SALMON RIVER NR KRASSEL RANGER STATION ID,853.1325,ID,13310700,-115.725,44.9869444
13313000,JOHNSON CREEK AT YELLOW PINE ID,561.9358,ID,13313000,-115.5,44.96166667
13331500,"MINAM RIVER NEAR MINAM, OR",618.9291,OR,13331500,-117.7265892,45.61986694
13337000,LOCHSA RIVER NR LOWELL ID,3053.417,ID,13337000,-115.5872222,46.15083333
13338500,SF CLEARWATER RIVER AT STITES ID,3027.002,ID,13338500,-115.9766667,46.08638889
13340000,CLEARWATER RIVER AT OROFINO ID,14268.92,ID,13340000,-116.2575,46.47833333
13340600,NF CLEARWATER RIVER NR CANYON RANGER STATION ID,3354.622,ID,13340600,-115.6207033,46.84046563
14020000,"UMATILLA RIVER ABOVE MEACHAM CREEK, NR GIBBON, OR",341.4267,OR,14020000,-118.3232913,45.71957668
14092750,"SHITIKE CR, AT PETERS PASTURE, NR WARM SPRINGS, OR",57.4803,OR,14092750,-121.6333971,44.75039516
14096850,"BEAVER CREEK, BLW QUARTZ CR, NR SIMNASHO, OR.",374.6232,OR,14096850,-121.3942286,44.95872724
14137000,"SANDY RIVER NEAR MARMOT, OR",674.2395,OR,14137000,-122.1373068,45.39956422
14138800,"BLAZED ALDER CREEK NEAR RHODODENDRON, OREG.",21.2886,OR,14138800,-121.8914684,45.45261834
14138870,"FIR CREEK NEAR BRIGHTWOOD, OR",14.02431,OR,14138870,-122.0256385,45.48011889
14138900,"NORTH FORK BULL RUN RIVER NEAR MULTNOMAH FALLS, OR",21.6828,OR,14138900,-122.0359167,45.49428561
14139800,"SOUTH FORK BULL RUN RIVER NEAR BULL RUN, OR",40.7034,OR,14139800,-122.1095292,45.44456402
14141500,"LITTLE SANDY RIVER NEAR BULL RUN, OREG.",59.8653,OR,14141500,-122.1714746,45.41539777
14154500,"ROW RIVER ABOVE PITCHER CREEK NEAR, DORENA, OREG",546.8105,OR,14154500,-122.8734019,43.7359565
14158500,"MCKENZIE RIVER AT OUTLET OF CLEAR LAKE, OR",237.0771,OR,14158500,-121.9956172,44.36095451
14158790,"SMITH R AB SMITH R RES NR BELKNAP SPRGS,OREG.",40.5711,OR,14158790,-122.0470074,44.3345666
14166500,"LONG TOM RIVER NEAR NOTI, OREG.",226.5246,OR,14166500,-123.4262097,44.04984478
14182500,"LITTLE NORTH SANTIAM RIVER NEAR MEHAMA, OR",286.8498,OR,14182500,-122.5789739,44.79151084
14185000,"SOUTH SANTIAM RIVER BELOW CASCADIA, OR",458.1774,OR,14185000,-122.4975817,44.39179225
14185900,"QUARTZVILLE CREEK NEAR CASCADIA, OREG.",258.1965,OR,14185900,-122.4359155,44.54012357
14187000,"WILEY CREEK NEAR FOSTER, OR",134.7498,OR,14187000,-122.6231384,44.37234769
14216500,"MUDDY CREEK BELOW CLEAR CREEK NEAR COUGAR, WA",349.524,WA,14216500,-121.9986982,46.07566882
14222500,"EAST FORK LEWIS RIVER NEAR HEISSON, WA",323.8893,WA,14222500,-122.4662083,45.83678093
14236200,"TILTON RIVER AB BEAR CANYON CREEK NEAR CINEBAR, WA",360.9936,WA,14236200,-122.4595564,46.59538432
14301000,"NEHALEM RIVER NEAR FOSS, OR",1743.544,OR,14301000,-123.755405,45.70399863
14303200,"TUCCA CREEK NEAR BLAINE, OR.",8.0595,OR,14303200,-123.5465012,45.32427635
14305500,"SILETZ RIVER AT SILETZ, OR",526.3299,OR,14305500,-123.8873348,44.71511723
14306340,"EAST FORK LOBSTER CREEK NEAR ALSEA, OR.",14.7276,OR,14306340,-123.6364936,44.24789909
14306500,"ALSEA RIVER NEAR TIDEWATER, OR",857.1636,OR,14306500,-123.831778,44.38595381
14308990,"COW CREEK ABV GALESVILLE RES, NR AZALEA, OR.",167.7555,OR,14308990,-123.1258922,42.82317665
14309500,"WEST FORK COW CREEK NEAR GLENDALE, OR",224.9208,OR,14309500,-123.6109071,42.80400356
14316700,"STEAMBOAT CREEK NEAR GLIDE, OR",587.8989,OR,14316700,-122.7289415,43.34984202
14325000,"SOUTH FORK COQUILLE RIVER AT POWERS, OR",443.0745,OR,14325000,-124.0706521,42.89149904
14362250,"STAR GULCH NEAR RUCH, OR.",41.4216,OR,14362250,-123.075323,42.15401355
14400000,"CHETCO RIVER NEAR BROOKINGS, OR",702.6345,OR,14400000,-124.1873107,42.12344278
15072000,FISH C NR KETCHIKAN AK,91.18689,AK,15072000,-131.1955833,55.3916038
15085100,OLD TOM C NR KASAAN AK,15.28412,AK,15085100,-132.4086268,55.3951944
15129500,SITUK R NR YAKUTAT AK,93.13876,AK,15129500,-139.4941877,59.58636636
15239050,MF BRADLEY R NR HOMER AK,23.70175,AK,15239050,-150.7562948,59.77774568
15266300,KENAI R AT SOLDOTNA AK,5192.115,AK,15266300,-151.0816675,60.4769289
15290000,L SUSITNA R NR PALMER AK,162.2304,AK,15290000,-149.231938,61.7097433
15292700,TALKEETNA R NR TALKEETNA AK,5219.027,AK,15292700,-150.019201,62.3464388
15478040,PHELAN C NR PAXSON AK,29.92392,AK,15478040,-145.4697352,63.2404219
15484000,SALCHA R NR SALCHAKET AK,5737.269,AK,15484000,-146.926265,64.4723591
15493000,CHENA R NR TWO RIVERS AK,2418.995,AK,15493000,-146.359366,64.9023739
15511000,L CHENA R NR FAIRBANKS AK,886.7069,AK,15511000,-147.2496477,64.88568988
15896000,KUPARUK R NR DEADHORSE AK,8654.482,AK,15896000,-148.962786,70.28138539
15908000,SAGAVANIRKTOK R NR PUMP STA 3 AK,4821.852,AK,15908000,-148.8200342,69.0146482
16010000,"Kawaikoi Stream nr Waimea, Kauai, HI",9.899745,HI,16010000,-159.61998,22.13267463
16019000,"Waialae Str at alt 3,820 ft nr Waimea, Kauai, HI",5.416143,HI,16019000,-159.5688692,22.08573716
16068000,"EB of NF Wailua River nr Lihue, Kauai, HI",16.17718,HI,16068000,-159.4152575,22.0687665
16071500,"Left Branch Opaekaa Str nr Kapaa, Kauai, HI",1.941863,HI,16071500,-159.3958134,22.07569977
16097500,"Halaulani Str at alt 400 ft nr Kilauea, Kauai, HI",3.11881,HI,16097500,-159.4185902,22.17838209
16108000,"Wainiha River nr Hanalei, Kauai, HI",27.07244,HI,16108000,-159.5577568,22.13570783
16200000,"NF Kaukonahua Str abv RB, nr Wahiawa, Oahu, HI",3.564028,HI,16200000,-157.9453056,21.51627778
16229000,"Kalihi Str nr Honolulu, Oahu, HI",6.636459,HI,16229000,-157.8442,21.36349907
16345000,"Opaeula Str nr Wahiawa, Oahu, HI",7.786944,HI,16345000,-158.00025,21.56233333
16400000,"Halawa Stream near Halawa, Molokai, HI",12.11683,HI,16400000,-156.7619722,21.1555
16508000,"Hanawi Stream near Nahiku, Maui, HI",9.271872,HI,16508000,-156.1142222,20.8068611
16518000,"West Wailuaiki Stream near Keanae, Maui, HI",9.40517,HI,16518000,-156.1410278,20.81769444
16587000,"Honopou Stream near Huelo, Maui, HI",1.519972,HI,16587000,-156.252743,20.88567925
16717000,HONOLII STREAM NR PAPAIKOU,31.09179,HI,16717000,-155.1516748,19.763625
16720000,"Kawainui Stream nr Kamuela, HI",3.971571,HI,16720000,-155.6811667,20.08533333
50025155,"RIO SALIENTE AT COABEY NR JAYUYA, PR",24.036,PR,50025155,-66.5632282,18.21134544
50034000,"RIO BAUTA NR OROCOVIS, PR",43.36622,PR,50034000,-66.45461569,18.2341222
50050900,"RIO GRANDE DE LOIZA AT QUEBRADA ARENAS, PR",15.55132,PR,50050900,-65.9890528,18.11746097
50063440,"QUEBRADA SONADORA NR EL VERDE, PR",2.640616,PR,50063440,-65.8171077,18.32134112
50063800,"RIO ESPIRITU SANTO NR RIO GRANDE, PR",22.4059,PR,50063800,-65.813219,18.35828377
50065500,"RIO MAMEYES NR SABANA, PR",17.60937,PR,50065500,-65.7507181,18.32745262
50092000,"RIO GRANDE DE PATILLAS NR PATILLAS, PR",47.58625,PR,50092000,-66.0323866,18.03246444
50100450,"RIO MAJADA AT LA PLENA, PR",42.529,PR,50100450,-66.20711159,18.04246333
50108000,"RIO DESCALABRADO NR LOS LLANOS, PR",33.30861,PR,50108000,-66.4257263,18.05024082
50110900,"RIO TOA VACA ABV LAGO TOA VACA, PR",36.871,PR,50110900,-66.45628257,18.12496014
50113800,"RIO CERRILLOS ABV LAGO CERRILLOS NR PONCE, PR",30.719,PR,50113800,-66.6043395,18.1149608
208111310,"CASHIE RIVER AT SR1257 NEAR WINDSOR, NC",288.4779,NC,208111310,-76.9841667,36.04777778
2096846,"CANE CREEK NEAR ORANGE GROVE, NC",19.5696,NC,2096846,-79.206111,35.987222
2427250,"PINE BARREN CREEK NEAR SNOW HILL, AL.",675.2439,AL,2427250,-87.068319,31.996258
3338780,"NORTH FORK VERMILION RIVER NEAR BISMARCK, IL",691.5555,IL,3338780,-87.642799,40.265314
344894205,"NORTH FORK SWANNANOA RIVER NEAR WALKERTOWN, NC",38.6046,NC,344894205,-82.333056,35.683333
3597590,"WARTRACE CREEK BELOW COUNTY ROAD AT WARTRACE, TN",92.943,TN,3597590,-86.340271,35.527295
5592575,"HICKORY CREEK NEAR BROWNSTOWN, IL",115.2504,IL,5592575,-88.952838,38.93699
6440200,"SOUTH FORK BAD R NEAR COTTONWOOD,SD",649.1916,SD,6440200,-101.76709,43.968879
6623800,"ENCAMPMENT RIVER AB HOG PARK CR, NR ENCAMPMENT, WY",187.6617,WY,6623800,-106.824766,41.0235791
7263295,"Maumelle River at Williams Junction, AR",119.0277,AR,7263295,-92.774612,34.876201
7362587,"Alum Fork Saline River near Reform, AR",69.7725,AR,7362587,-92.933507,34.797591
9423350,CARUTHERS C NR IVANPAH CA,2.2428,CA,9423350,-115.298876,35.244989
10205030,"SALINA CREEK NEAR EMERY, UT",134.5977,UT,10205030,-111.530465,38.911914